{
    "Malt": {
        "Pilsner": {
            "Mass": 0.51,
            "HWE": 0.8,
            "EBC": 3.5
        },
        "Ale": {
            "Mass": 0.505,
            "HWE": 0.8,
            "EBC": 6
        },
        "Crystal": {
            "Mass": 0.25,
            "HWE": 0.75,
            "EBC": 50
        }
    },
    "Hops": {
        "Cascade": {
            "Alpha Acids": 5.5,
            "Masses": [
                6,
                6,
                6,
                4
            ],
            "Times": [
                60,
                30,
                5,
                0
            ]
        }
    },
    "Yeast": "BRY97 West Coast Ale Yeast",
    "Strike Water": 3.7950000000000004,
    "Sparge Water": 5.07,
    "Original Gravity": 1.05,
    "Final Gravity": 1.0125,
    "Priming Sugar": 11.340000000000002,
    "Batch Size": 4.0,
    "Boil Time": 60,
    "IBU": 37.4483177510464,
    "EBC": 28.33786046365833
}